{"loss_train_mse": 4.13068373745773e-05, "loss_train_reg": 0.0009769053431227803, "loss_train": 0.0010182121768593788, "lambda": 0.25, "c0_loss_train_mse": 1.6985346519504674e-05, "c1_loss_train_mse": 0.0001321816089330241, "c2_loss_train_mse": 7.483678018616047e-06, "c3_loss_train_mse": 7.674690095882397e-06, "c4_loss_train_mse": 3.3978853025473654e-05, "c5_loss_train_mse": 1.196434095618315e-05, "_timestamp": 1739821668.2672143, "_runtime": 173.31000423431396, "_step": 8203, "_wandb": {"runtime": 173}}