{"loss_train_mse": 5.244808676252433e-07, "loss_train_reg": 5.354379482014338e-07, "loss_train": 1.0599187589832582e-06, "lambda": 0.25, "c0_loss_train_mse": 4.234209995956917e-07, "c1_loss_train_mse": 6.267640628720983e-07, "c2_loss_train_mse": 1.6412975867297064e-07, "c3_loss_train_mse": 1.1817129461633158e-06, "c4_loss_train_mse": 2.6261943730787607e-09, "c5_loss_train_mse": 1.2191842415631982e-06, "_timestamp": 1739822397.8984585, "_runtime": 186.4836585521698, "_step": 8203, "_wandb": {"runtime": 187}}