{"loss_train_mse": 0.7266005873680115, "loss_train_reg": 6.635009765625, "loss_train": 7.361610412597656, "lambda": 0.003906239988282323, "c0_loss_train_mse": 0.4069543778896332, "c1_loss_train_mse": 0.4076390862464905, "c2_loss_train_mse": 0.5231075882911682, "c3_loss_train_mse": 0.7726072072982788, "c4_loss_train_mse": 1.625886082649231, "_timestamp": 1739907954.0453823, "_runtime": 526.9658813476562, "_step": 10937, "_wandb": {"runtime": 526}}