{"loss_train_mse": 6.536235741805285e-05, "loss_train_reg": 0.011093749664723873, "loss_train": 0.011159111745655537, "lambda": 0.25, "c0_loss_train_mse": 6.436702096834779e-05, "c1_loss_train_mse": 6.764471649489678e-09, "c2_loss_train_mse": 4.940627462701741e-08, "c3_loss_train_mse": 0.000151276690303348, "c4_loss_train_mse": 0.00016104010865092278, "c5_loss_train_mse": 9.145263213383714e-09, "_timestamp": 1739827136.1945376, "_runtime": 176.6822967529297, "_step": 8203, "_wandb": {"runtime": 176}}