{"loss_train_mse": 1.9537623302312568e-05, "loss_train_reg": 4.445744343684055e-05, "loss_train": 6.399506673915312e-05, "lambda": 0.25, "c0_loss_train_mse": 1.7339999658361194e-06, "c1_loss_train_mse": 3.154402656946331e-05, "c2_loss_train_mse": 2.241222034626844e-07, "c3_loss_train_mse": 3.369390469742939e-06, "c4_loss_train_mse": 9.96575181488879e-06, "c5_loss_train_mse": 7.179693056968972e-05, "_timestamp": 1739826721.3120484, "_runtime": 184.96332049369812, "_step": 8203, "_wandb": {"runtime": 185}}