{"loss_train_mse": 0.10568077862262726, "loss_train_reg": 0.5345661640167236, "loss_train": 0.6402469277381897, "lambda": 0.25, "c0_loss_train_mse": 0.07451318949460983, "c1_loss_train_mse": 0.12551327049732208, "c2_loss_train_mse": 0.07374230772256851, "c3_loss_train_mse": 0.14828705787658691, "c4_loss_train_mse": 0.07985636591911316, "c5_loss_train_mse": 0.15696856379508972, "_timestamp": 1739821804.6290674, "_runtime": 164.9675223827362, "_step": 8203, "_wandb": {"runtime": 165}}