{"loss_train_mse": 2.9194702619861346e-06, "loss_train_reg": 1.856028575275559e-07, "loss_train": 3.1050731195136905e-06, "lambda": 0.2833935618400574, "c0_loss_train_mse": 1.7068867919078912e-07, "c1_loss_train_mse": 7.889029802754521e-06, "c2_loss_train_mse": 6.187171379679057e-07, "c3_loss_train_mse": 7.76267461333191e-06, "c4_loss_train_mse": 8.811556995169667e-07, "c5_loss_train_mse": 1.0318476597603876e-06, "_timestamp": 1739827386.3600788, "_runtime": 180.09892392158508, "_step": 8203, "_wandb": {"runtime": 180}}