{"loss_train_mse": 0.009396378882229328, "loss_train_reg": 0.13593749701976776, "loss_train": 0.14533387124538422, "lambda": 0.25, "c0_loss_train_mse": 0.014705752953886986, "c1_loss_train_mse": 7.352266402449459e-05, "c2_loss_train_mse": 0.012656470760703087, "c3_loss_train_mse": 0.0001761106395861134, "c4_loss_train_mse": 0.009360143914818764, "c5_loss_train_mse": 0.020345114171504974, "_timestamp": 1739827188.1740186, "_runtime": 179.56896352767944, "_step": 8203, "_wandb": {"runtime": 180}}