{"loss_train_mse": 6.884067988721654e-05, "loss_train_reg": 0.01564151421189308, "loss_train": 0.01571035571396351, "lambda": 0.25, "c0_loss_train_mse": 1.7340873455395922e-05, "c1_loss_train_mse": 9.827107714954764e-05, "c2_loss_train_mse": 1.8240614735987037e-05, "c3_loss_train_mse": 0.00014953012578189373, "c4_loss_train_mse": 2.322076034033671e-05, "c5_loss_train_mse": 0.00015314907068386674, "_timestamp": 1739821728.6847014, "_runtime": 172.05481553077698, "_step": 8203, "_wandb": {"runtime": 172}}