{"loss_train_mse": 1.2610399723052979, "loss_train_reg": 4.982658386230469, "loss_train": 6.2436981201171875, "lambda": 0.003906239988282323, "c0_loss_train_mse": 0.3867763578891754, "c1_loss_train_mse": 0.5136436223983765, "c2_loss_train_mse": 0.8045651316642761, "c3_loss_train_mse": 1.6735613346099854, "c4_loss_train_mse": 3.0924270153045654, "_timestamp": 1739524842.4500334, "_runtime": 507.8919484615326, "_step": 10937, "_wandb": {"runtime": 507}}