{"loss_train_mse": 5.427716314443387e-05, "loss_train_reg": 0.0017281868495047092, "loss_train": 0.0017824639799073339, "lambda": 0.25, "c0_loss_train_mse": 0.0002603736356832087, "c1_loss_train_mse": 1.5151855222939048e-05, "c2_loss_train_mse": 3.54169924321468e-06, "c3_loss_train_mse": 5.152462108526379e-06, "c4_loss_train_mse": 1.0512857443245593e-05, "c5_loss_train_mse": 2.0779920305358246e-05, "_timestamp": 1739826752.1615903, "_runtime": 166.7072253227234, "_step": 8203, "_wandb": {"runtime": 167}}