{"loss_train_mse": 1.55365214595804e-05, "loss_train_reg": 4.6168624479037135e-12, "loss_train": 1.553652691654861e-05, "lambda": 0.25, "c0_loss_train_mse": 1.8410763686915743e-06, "c1_loss_train_mse": 2.1791553081129678e-05, "c2_loss_train_mse": 3.4171247875747213e-07, "c3_loss_train_mse": 8.059949323069304e-06, "c4_loss_train_mse": 1.014333338389406e-05, "c5_loss_train_mse": 5.323892037267797e-05, "_timestamp": 1739829665.0347362, "_runtime": 169.61503911018372, "_step": 8203, "_wandb": {"runtime": 170}}