{"loss_train_mse": 21.749990463256836, "loss_train_reg": 235.3173828125, "loss_train": 257.0673828125, "lambda": 0.003906239988282323, "c0_loss_train_mse": 2.762660503387451, "c1_loss_train_mse": 5.582714080810547, "c2_loss_train_mse": 16.472055435180664, "c3_loss_train_mse": 35.24553680419922, "c4_loss_train_mse": 50.185081481933594, "_timestamp": 1739525399.2808177, "_runtime": 523.7783937454224, "_step": 10937, "_wandb": {"runtime": 523}}