{"loss_train_mse": 5.488330364227295, "loss_train_reg": 15.776432037353516, "loss_train": 21.26476287841797, "lambda": 0.003906239988282323, "c0_loss_train_mse": 1.2522162199020386, "c1_loss_train_mse": 1.8343684673309326, "c2_loss_train_mse": 2.808289051055908, "c3_loss_train_mse": 5.858051300048828, "c4_loss_train_mse": 17.054180145263672, "_timestamp": 1739907973.544497, "_runtime": 546.4649839401245, "_step": 10937, "_wandb": {"runtime": 545}}