{"loss_train_mse": 1.722356682876125e-05, "loss_train_reg": 2.2686428565066308e-05, "loss_train": 3.990999539382756e-05, "lambda": 0.25, "c0_loss_train_mse": 1.4186058479026542e-06, "c1_loss_train_mse": 2.9156935852370225e-05, "c2_loss_train_mse": 2.664556859599543e-07, "c3_loss_train_mse": 5.7842144087771885e-06, "c4_loss_train_mse": 1.0055787242890801e-05, "c5_loss_train_mse": 5.710433470085263e-05, "_timestamp": 1739826721.7421412, "_runtime": 185.3909661769867, "_step": 8203, "_wandb": {"runtime": 185}}