{"loss_train_mse": 1.2045820951461792, "loss_train_reg": 7.836621284484863, "loss_train": 9.041203498840332, "lambda": 0.003906239988282323, "c0_loss_train_mse": 0.5223815441131592, "c1_loss_train_mse": 0.5225927233695984, "c2_loss_train_mse": 0.7777868509292603, "c3_loss_train_mse": 1.3320739269256592, "c4_loss_train_mse": 3.078571319580078, "_timestamp": 1739907991.620923, "_runtime": 560.993791103363, "_step": 10937, "_wandb": {"runtime": 560}}