{"loss_train_mse": 0.000365936808520928, "loss_train_reg": 0.03203124925494194, "loss_train": 0.032397184520959854, "lambda": 0.25, "c0_loss_train_mse": 8.058426828938536e-06, "c1_loss_train_mse": 1.9161610907758586e-05, "c2_loss_train_mse": 7.253795047290623e-06, "c3_loss_train_mse": 0.0010647551389411092, "c4_loss_train_mse": 0.00016046394011937082, "c5_loss_train_mse": 0.0014618536224588752, "_timestamp": 1739817541.9435074, "_runtime": 182.90150332450867, "_step": 8203, "_wandb": {"runtime": 183}}