{"loss_train_mse": 2.09348201751709, "loss_train_reg": 6.137699127197266, "loss_train": 8.231181144714355, "lambda": 0.004738654475659132, "c0_loss_train_mse": 1.878460168838501, "c1_loss_train_mse": 0.763102114200592, "c2_loss_train_mse": 0.6538392305374146, "c3_loss_train_mse": 0.45250141620635986, "c4_loss_train_mse": 7.632164478302002, "_timestamp": 1739526579.5560412, "_runtime": 611.3013172149658, "_step": 10937, "_wandb": {"runtime": 610}}