{"loss_train_mse": 0.2508606016635895, "loss_train_reg": 1.1987025737762451, "loss_train": 1.4495631456375122, "lambda": 0.003906239988282323, "c0_loss_train_mse": 0.15248456597328186, "c1_loss_train_mse": 0.1808338761329651, "c2_loss_train_mse": 0.23967745900154114, "c3_loss_train_mse": 0.3075404465198517, "c4_loss_train_mse": 0.3811422884464264, "_timestamp": 1739524839.0353868, "_runtime": 504.4773008823395, "_step": 10937, "_wandb": {"runtime": 503}}