{"loss_train_mse": 0.02628541737794876, "loss_train_reg": 0.4251630902290344, "loss_train": 0.4514485001564026, "lambda": 0.003906239988282323, "c0_loss_train_mse": 0.0407278873026371, "c1_loss_train_mse": 0.026415478438138962, "c2_loss_train_mse": 0.022993551567196846, "c3_loss_train_mse": 0.015807732939720154, "c4_loss_train_mse": 0.02708500251173973, "_timestamp": 1739525399.2211952, "_runtime": 523.7187671661377, "_step": 10937, "_wandb": {"runtime": 523}}