{"loss_train_mse": 40.070884704589844, "loss_train_reg": 261.4846496582031, "loss_train": 301.5555419921875, "lambda": 0.06758043169975281, "c0_loss_train_mse": 19.05624008178711, "c1_loss_train_mse": 33.87076950073242, "c2_loss_train_mse": 44.46657943725586, "c3_loss_train_mse": 51.97757339477539, "c4_loss_train_mse": 50.44267654418945, "_timestamp": 1739526591.6845808, "_runtime": 616.2569468021393, "_step": 10937, "_wandb": {"runtime": 615}}