{"loss_train_mse": 1.264121056010481e-05, "loss_train_reg": 0.0004598503583110869, "loss_train": 0.0004724915779661387, "lambda": 2.096689224243164, "c0_loss_train_mse": 8.123511747726297e-07, "c1_loss_train_mse": 2.1723632016801275e-05, "c2_loss_train_mse": 8.06124990049284e-06, "c3_loss_train_mse": 3.8568021409446374e-05, "c4_loss_train_mse": 3.4551073895272566e-06, "c5_loss_train_mse": 1.3704488083021715e-05, "_timestamp": 1739827570.3977444, "_runtime": 169.90265035629272, "_step": 8203, "_wandb": {"runtime": 170}}