{"loss_train_mse": 7.45824934256234e-07, "loss_train_reg": 1.1833813005068805e-05, "loss_train": 1.2579637768794782e-05, "lambda": 0.3448989987373352, "c0_loss_train_mse": 1.809126786156412e-07, "c1_loss_train_mse": 2.3808022433513543e-06, "c2_loss_train_mse": 7.069814955684706e-08, "c3_loss_train_mse": 1.2906721167382784e-06, "c4_loss_train_mse": 3.2983948017317744e-08, "c5_loss_train_mse": 5.140647090229322e-07, "_timestamp": 1739827532.3153768, "_runtime": 175.03279376029968, "_step": 8203, "_wandb": {"runtime": 175}}