{"loss_train_mse": 0.03065621852874756, "loss_train_reg": 0.5390625, "loss_train": 0.5697187185287476, "lambda": 0.25, "c0_loss_train_mse": 0.028154784813523293, "c1_loss_train_mse": 0.03791708126664162, "c2_loss_train_mse": 0.030692053958773613, "c3_loss_train_mse": 3.002673838636838e-05, "c4_loss_train_mse": 0.04182755947113037, "c5_loss_train_mse": 0.028391245752573013, "_timestamp": 1739822072.1250196, "_runtime": 168.0371594429016, "_step": 8203, "_wandb": {"runtime": 168}}