{"loss_train_mse": 0.03472401201725006, "loss_train_reg": 0.5859375, "loss_train": 0.6206614971160889, "lambda": 0.25, "c0_loss_train_mse": 0.03269774839282036, "c1_loss_train_mse": 0.0556134358048439, "c2_loss_train_mse": 0.029534898698329926, "c3_loss_train_mse": 0.032970450818538666, "c4_loss_train_mse": 0.011212709359824657, "c5_loss_train_mse": 0.05276544392108917, "_timestamp": 1739827310.7676315, "_runtime": 165.2125244140625, "_step": 8203, "_wandb": {"runtime": 165}}