{"loss_train_mse": 2.7200298063689843e-05, "loss_train_reg": 1.807812580190138e-11, "loss_train": 2.7200316253583878e-05, "lambda": 0.25, "c0_loss_train_mse": 2.135592183094559e-07, "c1_loss_train_mse": 5.835212505189702e-05, "c2_loss_train_mse": 2.2085811224314966e-07, "c3_loss_train_mse": 3.098399974987842e-05, "c4_loss_train_mse": 1.0940168976958375e-05, "c5_loss_train_mse": 6.63237733533606e-05, "_timestamp": 1739829683.8362405, "_runtime": 166.1134946346283, "_step": 8203, "_wandb": {"runtime": 166}}