{"loss_train_mse": 2.2248748337005964e-06, "loss_train_reg": 3.6884532164549455e-05, "loss_train": 3.910940722562373e-05, "lambda": 0.5403424501419067, "c0_loss_train_mse": 2.1092060364935605e-07, "c1_loss_train_mse": 1.0301645488652866e-05, "c2_loss_train_mse": 5.8088630794372875e-08, "c3_loss_train_mse": 2.584621938694909e-07, "c4_loss_train_mse": 7.767417820048195e-09, "c5_loss_train_mse": 4.1132472006211174e-07, "_timestamp": 1739827532.2752318, "_runtime": 174.98581385612488, "_step": 8203, "_wandb": {"runtime": 175}}