{"loss_train_mse": 12.73553466796875, "loss_train_reg": 22.914241790771484, "loss_train": 35.649776458740234, "lambda": 0.003906239988282323, "c0_loss_train_mse": 2.6922767162323, "c1_loss_train_mse": 4.092679977416992, "c2_loss_train_mse": 6.394055366516113, "c3_loss_train_mse": 13.31758975982666, "c4_loss_train_mse": 40.50106430053711, "_timestamp": 1739524831.767267, "_runtime": 501.960382938385, "_step": 10937, "_wandb": {"runtime": 501}}