{"loss_train_mse": 0.3181276321411133, "loss_train_reg": 0.7574367523193359, "loss_train": 1.0755643844604492, "lambda": 0.25, "c0_loss_train_mse": 0.2758179008960724, "c1_loss_train_mse": 0.2848420739173889, "c2_loss_train_mse": 0.2749997079372406, "c3_loss_train_mse": 0.41385847330093384, "c4_loss_train_mse": 0.28852397203445435, "c5_loss_train_mse": 0.4359287619590759, "_timestamp": 1739826931.6494048, "_runtime": 170.18076086044312, "_step": 8203, "_wandb": {"runtime": 170}}