{"loss_train_mse": 2.4787063921394292e-06, "loss_train_reg": 2.562786448834231e-06, "loss_train": 5.04149284097366e-06, "lambda": 0.25, "c0_loss_train_mse": 1.0565875527390745e-05, "c1_loss_train_mse": 7.873107961131609e-07, "c2_loss_train_mse": 2.2283377631993062e-07, "c3_loss_train_mse": 2.0958098048140528e-06, "c4_loss_train_mse": 6.14803525422758e-07, "c5_loss_train_mse": 6.976994768592704e-07, "_timestamp": 1739822140.3110554, "_runtime": 192.0999493598938, "_step": 8203, "_wandb": {"runtime": 192}}