{"loss_train_mse": 1.46840477555088e-07, "loss_train_reg": 1.5259396946021297e-07, "loss_train": 2.99434447015301e-07, "lambda": 0.25, "c0_loss_train_mse": 1.8094578990712762e-07, "c1_loss_train_mse": 1.740061890131983e-07, "c2_loss_train_mse": 2.2258612730752247e-09, "c3_loss_train_mse": 6.963754231037456e-07, "c4_loss_train_mse": 4.349701043793175e-09, "c5_loss_train_mse": 2.0600074535082058e-08, "_timestamp": 1739827337.003492, "_runtime": 182.76211214065552, "_step": 8203, "_wandb": {"runtime": 183}}