{"loss_train_mse": 4.013070065411739e-05, "loss_train_reg": 0.002972656162455678, "loss_train": 0.003012786852195859, "lambda": 0.25, "c0_loss_train_mse": 1.023554341372801e-05, "c1_loss_train_mse": 8.016385982045904e-05, "c2_loss_train_mse": 5.2408927331271116e-06, "c3_loss_train_mse": 3.915566048817709e-05, "c4_loss_train_mse": 2.0895291527267545e-05, "c5_loss_train_mse": 8.655074634589255e-05, "_timestamp": 1739848928.1982238, "_runtime": 191.18695282936096, "_step": 8203, "_wandb": {"runtime": 191}}