{"loss_train_mse": 0.0015201319474726915, "loss_train_reg": 0.07539971172809601, "loss_train": 0.07691984623670578, "lambda": 0.25, "c0_loss_train_mse": 0.0005816876655444503, "c1_loss_train_mse": 0.0021256019826978445, "c2_loss_train_mse": 0.0005734879523515701, "c3_loss_train_mse": 0.003018871648237109, "c4_loss_train_mse": 0.0006666554254479706, "c5_loss_train_mse": 0.0029959697276353836, "_timestamp": 1739826927.8568823, "_runtime": 169.82502031326294, "_step": 8203, "_wandb": {"runtime": 170}}