{"loss_train_mse": 2.5481336706434377e-05, "loss_train_reg": 0.00017968750034924597, "loss_train": 0.00020516883523669094, "lambda": 0.25, "c0_loss_train_mse": 3.4145776339755685e-07, "c1_loss_train_mse": 5.5917462304933e-05, "c2_loss_train_mse": 2.2528102761043556e-07, "c3_loss_train_mse": 3.458923674770631e-05, "c4_loss_train_mse": 1.0013323844759725e-05, "c5_loss_train_mse": 5.6196717196144164e-05, "_timestamp": 1739826972.1551328, "_runtime": 166.74720788002014, "_step": 8203, "_wandb": {"runtime": 167}}