{"loss_train_mse": 8.321280802192632e-07, "loss_train_reg": 8.35914249819325e-07, "loss_train": 1.6680423868820071e-06, "lambda": 0.25, "c0_loss_train_mse": 2.108774197040475e-06, "c1_loss_train_mse": 5.176656827643455e-07, "c2_loss_train_mse": 2.17451159301163e-07, "c3_loss_train_mse": 1.1222284967971063e-07, "c4_loss_train_mse": 6.646546921729168e-07, "c5_loss_train_mse": 1.1797317256423412e-06, "_timestamp": 1739822269.7838185, "_runtime": 170.04312252998352, "_step": 8203, "_wandb": {"runtime": 170}}