{"loss_train_mse": 28.248600006103516, "loss_train_reg": 2376.416015625, "loss_train": 2404.66455078125, "lambda": 0.003906239988282323, "c0_loss_train_mse": 6.122793197631836, "c1_loss_train_mse": 12.409721374511719, "c2_loss_train_mse": 26.36644744873047, "c3_loss_train_mse": 43.70353317260742, "c4_loss_train_mse": 53.406253814697266, "_timestamp": 1739525399.868205, "_runtime": 516.5464000701904, "_step": 10937, "_wandb": {"runtime": 516}}