{"loss_train_mse": 6.657971880486002e-06, "loss_train_reg": 6.629223207710311e-06, "loss_train": 1.3287195542943664e-05, "lambda": 0.25, "c0_loss_train_mse": 1.599494794390921e-07, "c1_loss_train_mse": 2.56113398791058e-05, "c2_loss_train_mse": 7.683115086365433e-07, "c3_loss_train_mse": 8.208007784560323e-06, "c4_loss_train_mse": 1.6062278973549837e-06, "c5_loss_train_mse": 3.2656564030730806e-07, "_timestamp": 1739822267.077636, "_runtime": 171.92484593391418, "_step": 8203, "_wandb": {"runtime": 172}}