{"loss_train_mse": 0.10680119693279266, "loss_train_reg": 0.5331108570098877, "loss_train": 0.6399120688438416, "lambda": 0.25, "c0_loss_train_mse": 0.07891266793012619, "c1_loss_train_mse": 0.12664289772510529, "c2_loss_train_mse": 0.07338456064462662, "c3_loss_train_mse": 0.1472741663455963, "c4_loss_train_mse": 0.0799785777926445, "c5_loss_train_mse": 0.1588689535856247, "_timestamp": 1739826928.7089078, "_runtime": 167.14757084846497, "_step": 8203, "_wandb": {"runtime": 167}}