{"loss_train_mse": 0.0050584496930241585, "loss_train_reg": 0.023885244503617287, "loss_train": 0.02894369512796402, "lambda": 11.496094703674316, "c0_loss_train_mse": 0.017597271129488945, "c1_loss_train_mse": 0.0005641905590891838, "c2_loss_train_mse": 0.002357439137995243, "c3_loss_train_mse": 0.0010076472535729408, "c4_loss_train_mse": 0.006076911464333534, "c5_loss_train_mse": 0.00037913231062702835, "_timestamp": 1739822579.53718, "_runtime": 166.98897194862366, "_step": 8203, "_wandb": {"runtime": 167}}