{"loss_train_mse": 9.529247472528368e-05, "loss_train_reg": 8.49240313982591e-05, "loss_train": 0.00018021650612354279, "lambda": 0.25, "c0_loss_train_mse": 7.54816283006221e-05, "c1_loss_train_mse": 0.00016771256923675537, "c2_loss_train_mse": 4.425649876793614e-06, "c3_loss_train_mse": 0.000151047483086586, "c4_loss_train_mse": 8.077346865320578e-05, "c5_loss_train_mse": 8.659906598040834e-05, "_timestamp": 1739827336.9876628, "_runtime": 182.74628686904907, "_step": 8203, "_wandb": {"runtime": 183}}