{"loss_train_mse": 1.2376053746265825e-06, "loss_train_reg": 1.235574245583848e-06, "loss_train": 2.4731796202104306e-06, "lambda": 0.25, "c0_loss_train_mse": 1.8067877363137086e-06, "c1_loss_train_mse": 3.474822278803913e-06, "c2_loss_train_mse": 1.3441167823202704e-07, "c3_loss_train_mse": 2.1882577527776448e-07, "c4_loss_train_mse": 3.8269214996944356e-07, "c5_loss_train_mse": 6.308363253992866e-07, "_timestamp": 1739822363.605881, "_runtime": 169.23967504501343, "_step": 8203, "_wandb": {"runtime": 169}}