{"loss_train_mse": 80.92584228515625, "loss_train_reg": 34.93252182006836, "loss_train": 115.85836791992188, "lambda": 0.003906239988282323, "c0_loss_train_mse": 61.08431625366211, "c1_loss_train_mse": 79.79165649414062, "c2_loss_train_mse": 85.80660247802734, "c3_loss_train_mse": 88.80836486816406, "c4_loss_train_mse": 88.92417907714844, "_timestamp": 1739524847.1968894, "_runtime": 505.15545439720154, "_step": 10937, "_wandb": {"runtime": 504}}