{"loss_train_mse": 4.0975704905577004e-05, "loss_train_reg": 0.0003433959500398487, "loss_train": 0.0003843716694973409, "lambda": 0.25, "c0_loss_train_mse": 6.663200474577025e-05, "c1_loss_train_mse": 6.044028123142198e-05, "c2_loss_train_mse": 4.2206102079944685e-07, "c3_loss_train_mse": 7.498354989365907e-06, "c4_loss_train_mse": 8.46928742248565e-06, "c5_loss_train_mse": 0.00010227146412944421, "_timestamp": 1739826717.1680524, "_runtime": 175.58127450942993, "_step": 8203, "_wandb": {"runtime": 176}}