{"loss_train_mse": 0.005709933582693338, "loss_train_reg": 0.1445697844028473, "loss_train": 0.1502797156572342, "lambda": 0.25, "c0_loss_train_mse": 0.002853524638339877, "c1_loss_train_mse": 0.007509147748351097, "c2_loss_train_mse": 0.0027057742699980736, "c3_loss_train_mse": 0.01036266703158617, "c4_loss_train_mse": 0.0032414630986750126, "c5_loss_train_mse": 0.010101720690727234, "_timestamp": 1739821782.3979857, "_runtime": 166.28104281425476, "_step": 8203, "_wandb": {"runtime": 166}}