{"loss_train_mse": 0.0013133957982063293, "loss_train_reg": 0.016850825399160385, "loss_train": 0.018164221197366714, "lambda": 11.84121036529541, "c0_loss_train_mse": 0.004757357761263847, "c1_loss_train_mse": 0.00010156402277061716, "c2_loss_train_mse": 0.0020122972782701254, "c3_loss_train_mse": 4.93825864396058e-05, "c4_loss_train_mse": 0.0007184254354797304, "c5_loss_train_mse": 0.00013037091412115842, "_timestamp": 1739827720.816697, "_runtime": 164.96728086471558, "_step": 8203, "_wandb": {"runtime": 165}}