{"loss_train_mse": 3.307219174075726e-07, "loss_train_reg": 0.00032865535467863083, "loss_train": 0.00032898609060794115, "lambda": 1.7154254913330078, "c0_loss_train_mse": 8.0536937119291e-09, "c1_loss_train_mse": 1.1773342976084678e-06, "c2_loss_train_mse": 1.4800090752942197e-07, "c3_loss_train_mse": 4.7890157617302975e-08, "c4_loss_train_mse": 1.3236954998774308e-07, "c5_loss_train_mse": 2.3549813477075077e-07, "_timestamp": 1739822448.4596512, "_runtime": 167.5079963207245, "_step": 8203, "_wandb": {"runtime": 168}}