{"loss_train_mse": 0.31831759214401245, "loss_train_reg": 0.7577704787254333, "loss_train": 1.0760880708694458, "lambda": 0.25, "c0_loss_train_mse": 0.275102436542511, "c1_loss_train_mse": 0.28495118021965027, "c2_loss_train_mse": 0.2715107500553131, "c3_loss_train_mse": 0.4117708206176758, "c4_loss_train_mse": 0.2910116910934448, "c5_loss_train_mse": 0.4389629662036896, "_timestamp": 1739821847.1555684, "_runtime": 160.9798662662506, "_step": 8203, "_wandb": {"runtime": 161}}