{"loss_train_mse": 0.1998492181301117, "loss_train_reg": 2.734375, "loss_train": 2.9342241287231445, "lambda": 0.25, "c0_loss_train_mse": 0.028114741668105125, "c1_loss_train_mse": 0.298308789730072, "c2_loss_train_mse": 0.028032604604959488, "c3_loss_train_mse": 0.4344191253185272, "c4_loss_train_mse": 0.04239559918642044, "c5_loss_train_mse": 0.5193235874176025, "_timestamp": 1739822110.081576, "_runtime": 171.45224404335022, "_step": 8203, "_wandb": {"runtime": 171}}