{"loss_train_mse": 0.0001263088925043121, "loss_train_reg": 0.0044160387478768826, "loss_train": 0.004542347509413958, "lambda": 4.240099906921387, "c0_loss_train_mse": 4.561879904940724e-06, "c1_loss_train_mse": 0.000140787786222063, "c2_loss_train_mse": 3.924407792510465e-05, "c3_loss_train_mse": 3.6742480006068945e-05, "c4_loss_train_mse": 0.0002341041836189106, "c5_loss_train_mse": 0.00023126565793063492, "_timestamp": 1739822573.8503962, "_runtime": 168.4106080532074, "_step": 8203, "_wandb": {"runtime": 169}}