{"loss_train_mse": 1.4245703823689837e-05, "loss_train_reg": 1.3894740732212085e-05, "loss_train": 2.8140444555901922e-05, "lambda": 0.25, "c0_loss_train_mse": 1.0296297432432766e-06, "c1_loss_train_mse": 3.3454753065598197e-06, "c2_loss_train_mse": 2.3850154320825823e-05, "c3_loss_train_mse": 5.122001675772481e-05, "c4_loss_train_mse": 1.3706256822842988e-06, "c5_loss_train_mse": 2.9239670766401105e-05, "_timestamp": 1739839737.0435522, "_runtime": 174.2089991569519, "_step": 8203, "_wandb": {"runtime": 174}}