{"loss_train_mse": 5.0480366553529166e-06, "loss_train_reg": 4.895609890809283e-06, "loss_train": 9.9436465461622e-06, "lambda": 0.25, "c0_loss_train_mse": 1.4839989717074786e-06, "c1_loss_train_mse": 4.316359536460368e-06, "c2_loss_train_mse": 1.6533095958948252e-06, "c3_loss_train_mse": 8.05519175628433e-06, "c4_loss_train_mse": 5.52138601506158e-07, "c5_loss_train_mse": 1.900994175230153e-05, "_timestamp": 1739822231.9171684, "_runtime": 168.51428937911987, "_step": 8203, "_wandb": {"runtime": 169}}