{"loss_train_mse": 0.0006179573247209191, "loss_train_reg": 0.0076010269112885, "loss_train": 0.008218984119594097, "lambda": 10.686631202697754, "c0_loss_train_mse": 0.0008795600151643157, "c1_loss_train_mse": 7.367321086348966e-05, "c2_loss_train_mse": 0.001989691751077771, "c3_loss_train_mse": 2.6023228201665916e-05, "c4_loss_train_mse": 0.0006108023226261139, "c5_loss_train_mse": 0.00018499248835723847, "_timestamp": 1739827728.421186, "_runtime": 175.22075700759888, "_step": 8203, "_wandb": {"runtime": 175}}