{"loss_train_mse": 0.0005736180464737117, "loss_train_reg": 0.02046874910593033, "loss_train": 0.021042367443442345, "lambda": 0.25, "c0_loss_train_mse": 0.0009373940411023796, "c1_loss_train_mse": 1.1350571149648658e-08, "c2_loss_train_mse": 3.470967158136773e-07, "c3_loss_train_mse": 0.0011957193491980433, "c4_loss_train_mse": 0.0005535369855351746, "c5_loss_train_mse": 0.0010804288322106004, "_timestamp": 1739827148.3655436, "_runtime": 175.47716164588928, "_step": 8203, "_wandb": {"runtime": 176}}