{"loss_train_mse": 9.773777492227964e-06, "loss_train_reg": 9.456391126150265e-06, "loss_train": 1.923016861837823e-05, "lambda": 0.25, "c0_loss_train_mse": 1.244561281055212e-05, "c1_loss_train_mse": 1.5257505765475798e-06, "c2_loss_train_mse": 1.0943866072921082e-05, "c3_loss_train_mse": 2.9045109840808436e-05, "c4_loss_train_mse": 2.0158190636720974e-06, "c5_loss_train_mse": 1.5193049875961151e-05, "_timestamp": 1739839742.7269561, "_runtime": 173.7745921611786, "_step": 8203, "_wandb": {"runtime": 174}}