{"loss_train_mse": 2.210507773270365e-05, "loss_train_reg": 2.1117160940775648e-05, "loss_train": 4.322223685448989e-05, "lambda": 0.25, "c0_loss_train_mse": 1.0381131687609013e-05, "c1_loss_train_mse": 1.7862483218777925e-05, "c2_loss_train_mse": 4.697436907008523e-06, "c3_loss_train_mse": 8.31010183901526e-05, "c4_loss_train_mse": 1.8891947547672316e-05, "c5_loss_train_mse": 1.7884105545817874e-05, "_timestamp": 1739827336.4713597, "_runtime": 173.9537477493286, "_step": 8203, "_wandb": {"runtime": 174}}