{"loss_train_mse": 1.4098083738645073e-05, "loss_train_reg": 1.3120081348461099e-05, "loss_train": 2.721816417761147e-05, "lambda": 0.25, "c0_loss_train_mse": 1.1240994354011491e-05, "c1_loss_train_mse": 1.3195880455896258e-05, "c2_loss_train_mse": 4.2432643567735795e-06, "c3_loss_train_mse": 1.773866461007856e-05, "c4_loss_train_mse": 1.972222344193142e-05, "c5_loss_train_mse": 1.6542950106668286e-05, "_timestamp": 1739839750.9381943, "_runtime": 175.44650626182556, "_step": 8203, "_wandb": {"runtime": 176}}