{"loss_train_mse": 0.0015351301990449429, "loss_train_reg": 0.0753903016448021, "loss_train": 0.07692543417215347, "lambda": 0.25, "c0_loss_train_mse": 0.0006012367084622383, "c1_loss_train_mse": 0.0021191569976508617, "c2_loss_train_mse": 0.0005802236264571548, "c3_loss_train_mse": 0.003045164281502366, "c4_loss_train_mse": 0.0007150053861550987, "c5_loss_train_mse": 0.0029802722856402397, "_timestamp": 1739821751.5777109, "_runtime": 165.8920247554779, "_step": 8203, "_wandb": {"runtime": 166}}