{"loss_train_mse": 0.22666797041893005, "loss_train_reg": 0.22669488191604614, "loss_train": 0.4533628523349762, "lambda": 0.003906239988282323, "c0_loss_train_mse": 0.24362973868846893, "c1_loss_train_mse": 0.16834300756454468, "c2_loss_train_mse": 0.19572807848453522, "c3_loss_train_mse": 0.17081737518310547, "c4_loss_train_mse": 0.38117051124572754, "_timestamp": 1739525948.209281, "_runtime": 519.0857808589935, "_step": 10937, "_wandb": {"runtime": 518}}