{"loss_train_mse": 7.317899703979492, "loss_train_reg": 56.19452667236328, "loss_train": 63.512428283691406, "lambda": 0.011954070068895817, "c0_loss_train_mse": 3.640286922454834, "c1_loss_train_mse": 7.19900369644165, "c2_loss_train_mse": 1.2359830141067505, "c3_loss_train_mse": 0.7452301383018494, "c4_loss_train_mse": 27.228673934936523, "_timestamp": 1739526585.8600864, "_runtime": 622.4832103252411, "_step": 10937, "_wandb": {"runtime": 621}}