{"loss_train_mse": 2.3767957827658392e-05, "loss_train_reg": 0.0010578124783933163, "loss_train": 0.0010815804125741124, "lambda": 0.25, "c0_loss_train_mse": 9.183932706946507e-05, "c1_loss_train_mse": 2.459244387864601e-05, "c2_loss_train_mse": 1.3334498305539455e-07, "c3_loss_train_mse": 2.2516464014188386e-05, "c4_loss_train_mse": 1.5392306522699073e-06, "c5_loss_train_mse": 1.0345809187128907e-06, "_timestamp": 1739821883.5846438, "_runtime": 167.63015580177307, "_step": 8203, "_wandb": {"runtime": 168}}