{"loss_train_mse": 0.19981855154037476, "loss_train_reg": 0.546875, "loss_train": 0.7466935515403748, "lambda": 0.25, "c0_loss_train_mse": 0.028087936341762543, "c1_loss_train_mse": 0.3032665252685547, "c2_loss_train_mse": 0.02798319235444069, "c3_loss_train_mse": 0.43258318305015564, "c4_loss_train_mse": 0.04243393614888191, "c5_loss_train_mse": 0.5133905410766602, "_timestamp": 1739822085.3039014, "_runtime": 176.84124851226807, "_step": 8203, "_wandb": {"runtime": 177}}