{"loss_train_mse": 2.1094958782196045, "loss_train_reg": 0.0, "loss_train": 2.1094958782196045, "lambda": 0.25, "c0_loss_train_mse": 3.536161184310913, "c1_loss_train_mse": 0.3045874834060669, "c2_loss_train_mse": 3.6187329292297363, "c3_loss_train_mse": 0.4344789683818817, "c4_loss_train_mse": 3.4639241695404053, "c5_loss_train_mse": 0.5090569257736206, "_timestamp": 1739821851.9535513, "_runtime": 163.54458022117615, "_step": 8203, "_wandb": {"runtime": 164}}