{"loss_train_mse": 1.0502290933800396e-05, "loss_train_reg": 3.160316191497259e-05, "loss_train": 4.2105453758267686e-05, "lambda": 0.3033384382724762, "c0_loss_train_mse": 8.10638312032097e-07, "c1_loss_train_mse": 4.1315859562018886e-05, "c2_loss_train_mse": 9.921870969265e-07, "c3_loss_train_mse": 5.103459443489555e-06, "c4_loss_train_mse": 2.1031114556535613e-06, "c5_loss_train_mse": 5.5469831750087906e-06, "_timestamp": 1739822388.3341115, "_runtime": 169.2508783340454, "_step": 8203, "_wandb": {"runtime": 170}}