{"loss_train_mse": 19.02921485900879, "loss_train_reg": 582.451171875, "loss_train": 601.4804077148438, "lambda": 0.003906239988282323, "c0_loss_train_mse": 1.8632242679595947, "c1_loss_train_mse": 3.878541946411133, "c2_loss_train_mse": 11.909984588623047, "c3_loss_train_mse": 31.532760620117188, "c4_loss_train_mse": 47.672367095947266, "_timestamp": 1739525398.3864043, "_runtime": 517.3387513160706, "_step": 10937, "_wandb": {"runtime": 516}}