{"loss_train_mse": 1.553977381263394e-05, "loss_train_reg": 4.6014556573936716e-06, "loss_train": 2.014122947002761e-05, "lambda": 0.25, "c0_loss_train_mse": 1.7695452925181598e-06, "c1_loss_train_mse": 2.2103951778262854e-05, "c2_loss_train_mse": 3.26527270999577e-07, "c3_loss_train_mse": 7.5512530202104244e-06, "c4_loss_train_mse": 1.0161692443944048e-05, "c5_loss_train_mse": 5.3278476116247475e-05, "_timestamp": 1739826720.833202, "_runtime": 184.4823489189148, "_step": 8203, "_wandb": {"runtime": 184}}