{"loss_train_mse": 2.787872654153034e-05, "loss_train_reg": 1.8062499293591827e-05, "loss_train": 4.594122583512217e-05, "lambda": 0.25, "c0_loss_train_mse": 2.379225776394378e-07, "c1_loss_train_mse": 5.855508061358705e-05, "c2_loss_train_mse": 2.0622415775051195e-07, "c3_loss_train_mse": 3.068591468036175e-05, "c4_loss_train_mse": 1.0445856787555385e-05, "c5_loss_train_mse": 7.18955707270652e-05, "_timestamp": 1739826934.7312386, "_runtime": 165.5923035144806, "_step": 8203, "_wandb": {"runtime": 166}}