{"loss_train_mse": 50.78173828125, "loss_train_reg": 517.8763427734375, "loss_train": 568.6580810546875, "lambda": 0.6707906723022461, "c0_loss_train_mse": 27.11308479309082, "c1_loss_train_mse": 44.78913116455078, "c2_loss_train_mse": 56.50048065185547, "c3_loss_train_mse": 61.98270034790039, "c4_loss_train_mse": 63.32251739501953, "_timestamp": 1739526604.3057172, "_runtime": 619.0048291683197, "_step": 10937, "_wandb": {"runtime": 618}}