{"loss_train_mse": 5.025934797231457e-07, "loss_train_reg": 5.195967673898849e-07, "loss_train": 1.0221901902696118e-06, "lambda": 0.25, "c0_loss_train_mse": 9.598602446203586e-07, "c1_loss_train_mse": 4.0968518533190945e-07, "c2_loss_train_mse": 2.692005729443281e-08, "c3_loss_train_mse": 1.0354414143876056e-06, "c4_loss_train_mse": 3.3622042927561324e-09, "c5_loss_train_mse": 9.71201188804116e-07, "_timestamp": 1739822391.78532, "_runtime": 179.58603501319885, "_step": 8203, "_wandb": {"runtime": 180}}