{"loss_train_mse": 8.916598744690418e-06, "loss_train_reg": 0.000275815516943112, "loss_train": 0.00028473211568780243, "lambda": 0.25, "c0_loss_train_mse": 9.66304355642933e-07, "c1_loss_train_mse": 2.949651207018178e-05, "c2_loss_train_mse": 3.0408873499254696e-06, "c3_loss_train_mse": 1.1595932846830692e-05, "c4_loss_train_mse": 2.807070131893852e-06, "c5_loss_train_mse": 2.8814140478061745e-06, "_timestamp": 1739821671.7051806, "_runtime": 176.74755573272705, "_step": 8203, "_wandb": {"runtime": 177}}