{"loss_train_mse": 0.003592611290514469, "loss_train_reg": 0.10312499850988388, "loss_train": 0.10671760886907578, "lambda": 0.25, "c0_loss_train_mse": 2.689421080503962e-06, "c1_loss_train_mse": 1.6905080428841757e-06, "c2_loss_train_mse": 9.511248890703428e-07, "c3_loss_train_mse": 0.0035815280862152576, "c4_loss_train_mse": 0.004796258639544249, "c5_loss_train_mse": 0.014761379919946194, "_timestamp": 1739827147.9601123, "_runtime": 171.07016444206238, "_step": 8203, "_wandb": {"runtime": 171}}