{"loss_train_mse": 2.6645755497156642e-05, "loss_train_reg": 1.8062499407278665e-07, "loss_train": 2.6826381144928746e-05, "lambda": 0.25, "c0_loss_train_mse": 2.069102578161619e-07, "c1_loss_train_mse": 5.5781278206268325e-05, "c2_loss_train_mse": 2.1806474137520127e-07, "c3_loss_train_mse": 3.048095641133841e-05, "c4_loss_train_mse": 1.1220180567761417e-05, "c5_loss_train_mse": 6.602930079679936e-05, "_timestamp": 1739829860.9715, "_runtime": 177.29354190826416, "_step": 8203, "_wandb": {"runtime": 177}}