{"loss_train_mse": 0.00013338096323423088, "loss_train_reg": 0.0025881570763885975, "loss_train": 0.002721538068726659, "lambda": 6.701113700866699, "c0_loss_train_mse": 0.0002172394160879776, "c1_loss_train_mse": 2.8304357329034247e-05, "c2_loss_train_mse": 0.0001481031795265153, "c3_loss_train_mse": 2.9142704079276882e-05, "c4_loss_train_mse": 0.0002601926098577678, "c5_loss_train_mse": 3.7663881812477484e-05, "_timestamp": 1739827707.4570239, "_runtime": 174.33437275886536, "_step": 8203, "_wandb": {"runtime": 175}}