{"loss_train_mse": 0.00015113894187379628, "loss_train_reg": 0.01664062589406967, "loss_train": 0.01679176464676857, "lambda": 0.25, "c0_loss_train_mse": 4.3477994040586054e-06, "c1_loss_train_mse": 6.336760634439997e-06, "c2_loss_train_mse": 1.342801442660857e-05, "c3_loss_train_mse": 0.0006776919472031295, "c4_loss_train_mse": 0.00018957351858261973, "c5_loss_train_mse": 0.0002038209786405787, "_timestamp": 1739821950.8330534, "_runtime": 170.33774828910828, "_step": 8203, "_wandb": {"runtime": 171}}