{"loss_train_mse": 12.111854553222656, "loss_train_reg": 12.004612922668457, "loss_train": 24.116466522216797, "lambda": 0.003906239988282323, "c0_loss_train_mse": 0.9207611083984375, "c1_loss_train_mse": 1.3522738218307495, "c2_loss_train_mse": 4.631319999694824, "c3_loss_train_mse": 20.172889709472656, "c4_loss_train_mse": 35.19257354736328, "_timestamp": 1739525933.10779, "_runtime": 506.82450103759766, "_step": 10937, "_wandb": {"runtime": 506}}