{"loss_train_mse": 2.1008858311688527e-05, "loss_train_reg": 0.0017192707164213061, "loss_train": 0.001740279607474804, "lambda": 0.25, "c0_loss_train_mse": 4.76560671813786e-05, "c1_loss_train_mse": 4.6703378757229075e-05, "c2_loss_train_mse": 1.2644415619433858e-05, "c3_loss_train_mse": 1.571889015394845e-06, "c4_loss_train_mse": 1.3617037666335818e-06, "c5_loss_train_mse": 7.553095656476216e-06, "_timestamp": 1739821686.8435879, "_runtime": 164.11091780662537, "_step": 8203, "_wandb": {"runtime": 164}}