{"loss_train_mse": 7.962435120134614e-06, "loss_train_reg": 7.68540303397458e-06, "loss_train": 1.5647838154109195e-05, "lambda": 0.25, "c0_loss_train_mse": 6.526381639559986e-06, "c1_loss_train_mse": 6.789093731640605e-07, "c2_loss_train_mse": 1.1691821782733314e-05, "c3_loss_train_mse": 6.3978013713494875e-06, "c4_loss_train_mse": 1.1815806146842078e-06, "c5_loss_train_mse": 2.902722917497158e-05, "_timestamp": 1739822171.5779545, "_runtime": 172.45933842658997, "_step": 8203, "_wandb": {"runtime": 173}}