{"loss_train_mse": 6.231547013157979e-05, "loss_train_reg": 0.00796681921929121, "loss_train": 0.008029134944081306, "lambda": 0.25, "c0_loss_train_mse": 3.429946082178503e-05, "c1_loss_train_mse": 0.000129778403788805, "c2_loss_train_mse": 5.662746389134554e-06, "c3_loss_train_mse": 0.0001158306622528471, "c4_loss_train_mse": 4.4871110731037334e-05, "c5_loss_train_mse": 4.321452433941886e-05, "_timestamp": 1739826779.5552948, "_runtime": 165.78030276298523, "_step": 8203, "_wandb": {"runtime": 166}}