{"loss_train_mse": 3.2525199458177667e-06, "loss_train_reg": 1.825593148874205e-11, "loss_train": 3.252538135711802e-06, "lambda": 0.28374040126800537, "c0_loss_train_mse": 1.911862312908852e-07, "c1_loss_train_mse": 6.656787263636943e-06, "c2_loss_train_mse": 1.4904032923368504e-06, "c3_loss_train_mse": 1.2762472579197492e-05, "c4_loss_train_mse": 7.38487528906262e-07, "c5_loss_train_mse": 6.324162313831039e-07, "_timestamp": 1739829865.2467291, "_runtime": 163.80050921440125, "_step": 8203, "_wandb": {"runtime": 164}}