{"loss_train_mse": 0.006626752205193043, "loss_train_reg": 0.11896155774593353, "loss_train": 0.1255883127450943, "lambda": 13.889101028442383, "c0_loss_train_mse": 0.024615533649921417, "c1_loss_train_mse": 0.0009268212597817183, "c2_loss_train_mse": 0.006215445697307587, "c3_loss_train_mse": 0.000508041528519243, "c4_loss_train_mse": 0.004837653134018183, "c5_loss_train_mse": 0.0010258329566568136, "_timestamp": 1739822615.0591304, "_runtime": 174.98175144195557, "_step": 8203, "_wandb": {"runtime": 175}}