{"loss_train_mse": 48.34465026855469, "loss_train_reg": 39.36186218261719, "loss_train": 87.70651245117188, "lambda": 0.003906239988282323, "c0_loss_train_mse": 23.220645904541016, "c1_loss_train_mse": 34.51919937133789, "c2_loss_train_mse": 51.90633010864258, "c3_loss_train_mse": 63.98405456542969, "c4_loss_train_mse": 68.09346771240234, "_timestamp": 1739524835.3660982, "_runtime": 505.57960414886475, "_step": 10937, "_wandb": {"runtime": 504}}