{"loss_train_mse": 51.038414001464844, "loss_train_reg": 43.9558219909668, "loss_train": 94.99423217773438, "lambda": 0.003906239988282323, "c0_loss_train_mse": 24.627431869506836, "c1_loss_train_mse": 45.53378677368164, "c2_loss_train_mse": 57.55686950683594, "c3_loss_train_mse": 63.156578063964844, "c4_loss_train_mse": 64.03849029541016, "_timestamp": 1739525930.8382967, "_runtime": 519.537960767746, "_step": 10937, "_wandb": {"runtime": 519}}