{"loss_train_mse": 8.849722803461191e-07, "loss_train_reg": 7.026267212495441e-06, "loss_train": 7.911239663371816e-06, "lambda": 0.3180322051048279, "c0_loss_train_mse": 1.2071349431153067e-07, "c1_loss_train_mse": 1.550044316900312e-06, "c2_loss_train_mse": 8.466919609873003e-08, "c3_loss_train_mse": 3.289256255811779e-06, "c4_loss_train_mse": 2.399561651600379e-07, "c5_loss_train_mse": 8.637384212306642e-07, "_timestamp": 1739827532.2706807, "_runtime": 174.98986077308655, "_step": 8203, "_wandb": {"runtime": 175}}