{"loss_train_mse": 0.009449316188693047, "loss_train_reg": 0.13750000298023224, "loss_train": 0.14694932103157043, "lambda": 0.25, "c0_loss_train_mse": 0.01225514616817236, "c1_loss_train_mse": 5.686783333658241e-05, "c2_loss_train_mse": 0.012689650990068913, "c3_loss_train_mse": 0.0001201812774525024, "c4_loss_train_mse": 0.01112882699817419, "c5_loss_train_mse": 0.020803309977054596, "_timestamp": 1739822044.66, "_runtime": 164.95619797706604, "_step": 8203, "_wandb": {"runtime": 165}}