{"loss_train_mse": 127.69627380371094, "loss_train_reg": 0.0, "loss_train": 127.69627380371094, "lambda": 0.003906239988282323, "c0_loss_train_mse": 124.90107727050781, "c1_loss_train_mse": 132.79624938964844, "c2_loss_train_mse": 127.40433502197266, "c3_loss_train_mse": 126.08373260498047, "c4_loss_train_mse": 127.58433532714844, "_timestamp": 1739563504.6977904, "_runtime": 521.7307453155518, "_step": 10937, "_wandb": {"runtime": 520}}