{"loss_train_mse": 5.834226976730861e-05, "loss_train_reg": 0.0026087842416018248, "loss_train": 0.002667126478627324, "lambda": 3.494036912918091, "c0_loss_train_mse": 6.211942036316032e-07, "c1_loss_train_mse": 0.00012784612772520632, "c2_loss_train_mse": 1.760500026648515e-06, "c3_loss_train_mse": 0.00013087077240925282, "c4_loss_train_mse": 5.357503687264398e-05, "c5_loss_train_mse": 3.661188020487316e-05, "_timestamp": 1739822549.469854, "_runtime": 165.95256400108337, "_step": 8203, "_wandb": {"runtime": 166}}