{"loss_train_mse": 0.12576709687709808, "loss_train_reg": 0.875, "loss_train": 1.0007671117782593, "lambda": 0.25, "c0_loss_train_mse": 0.028453290462493896, "c1_loss_train_mse": 0.20679005980491638, "c2_loss_train_mse": 0.028221633285284042, "c3_loss_train_mse": 0.45099660754203796, "c4_loss_train_mse": 0.001410984550602734, "c5_loss_train_mse": 0.17952238023281097, "_timestamp": 1739827314.7434134, "_runtime": 166.56019043922424, "_step": 8203, "_wandb": {"runtime": 167}}