{"loss_train_mse": 1.5577852536807768e-05, "loss_train_reg": 4.616930449063972e-10, "loss_train": 1.557831456011627e-05, "lambda": 0.25, "c0_loss_train_mse": 1.8452469703333918e-06, "c1_loss_train_mse": 2.19032426684862e-05, "c2_loss_train_mse": 3.458422384028381e-07, "c3_loss_train_mse": 7.996220119821373e-06, "c4_loss_train_mse": 1.0157347787753679e-05, "c5_loss_train_mse": 5.338848859537393e-05, "_timestamp": 1739829679.4990618, "_runtime": 173.0571358203888, "_step": 8203, "_wandb": {"runtime": 173}}