{"loss_train_mse": 2.2753063149139052e-06, "loss_train_reg": 2.3244015210366342e-06, "loss_train": 4.599707608576864e-06, "lambda": 0.25, "c0_loss_train_mse": 4.087393790541682e-06, "c1_loss_train_mse": 2.891177928177058e-07, "c2_loss_train_mse": 3.637936742961756e-07, "c3_loss_train_mse": 9.851234608504456e-06, "c4_loss_train_mse": 2.0755512863956938e-08, "c5_loss_train_mse": 2.70617942987883e-06, "_timestamp": 1739822210.7364752, "_runtime": 173.69602513313293, "_step": 8203, "_wandb": {"runtime": 174}}