{"loss_train_mse": 0.8878405094146729, "loss_train_reg": 3.092804431915283, "loss_train": 3.980644941329956, "lambda": 0.003906239988282323, "c0_loss_train_mse": 0.2793022692203522, "c1_loss_train_mse": 0.40413010120391846, "c2_loss_train_mse": 0.7128759026527405, "c3_loss_train_mse": 1.2224128246307373, "c4_loss_train_mse": 1.8942062854766846, "_timestamp": 1739907984.6853547, "_runtime": 556.7866678237915, "_step": 10937, "_wandb": {"runtime": 556}}