{"loss_train_mse": 3.724521229742095e-05, "loss_train_reg": 0.0008406250271946192, "loss_train": 0.0008778702467679977, "lambda": 0.25, "c0_loss_train_mse": 4.0033050026977435e-05, "c1_loss_train_mse": 7.124392141122371e-05, "c2_loss_train_mse": 4.468572285531991e-07, "c3_loss_train_mse": 5.007560321246274e-05, "c4_loss_train_mse": 1.2695417353825178e-05, "c5_loss_train_mse": 5.246408545644954e-05, "_timestamp": 1739827105.1401722, "_runtime": 167.17545819282532, "_step": 8203, "_wandb": {"runtime": 167}}