{"loss_train_mse": 1.1088084193033865e-06, "loss_train_reg": 0.0006455698749050498, "loss_train": 0.0006466786726377904, "lambda": 2.074281692504883, "c0_loss_train_mse": 8.164677822719568e-09, "c1_loss_train_mse": 3.5921993912779726e-06, "c2_loss_train_mse": 1.8077145114148152e-07, "c3_loss_train_mse": 1.5894323723841808e-06, "c4_loss_train_mse": 1.3371899854064395e-07, "c5_loss_train_mse": 1.0462869113325723e-06, "_timestamp": 1739822456.509608, "_runtime": 167.06837105751038, "_step": 8203, "_wandb": {"runtime": 167}}