{"loss_train_mse": 3.244756499043433e-06, "loss_train_reg": 1.7466978761149221e-06, "loss_train": 4.991454261471517e-06, "lambda": 0.28852102160453796, "c0_loss_train_mse": 1.6146951509199425e-07, "c1_loss_train_mse": 6.940026196389226e-06, "c2_loss_train_mse": 1.3121029951435048e-06, "c3_loss_train_mse": 1.1377079317753669e-05, "c4_loss_train_mse": 9.139501457866572e-07, "c5_loss_train_mse": 1.167797222478839e-06, "_timestamp": 1739827505.9278364, "_runtime": 164.32463240623474, "_step": 8203, "_wandb": {"runtime": 165}}