{"loss_train_mse": 127.69627380371094, "loss_train_reg": 0.0, "loss_train": 127.69627380371094, "lambda": 0.003906239988282323, "c0_loss_train_mse": 124.90103912353516, "c1_loss_train_mse": 132.7962188720703, "c2_loss_train_mse": 127.40430450439453, "c3_loss_train_mse": 126.0837173461914, "c4_loss_train_mse": 127.5844497680664, "_timestamp": 1739524849.8020325, "_runtime": 507.7590684890747, "_step": 10937, "_wandb": {"runtime": 507}}