{"loss_train_mse": 7.746824015608667e-11, "loss_train_reg": 1.2966800966296432e-09, "loss_train": 1.3741483506635177e-09, "lambda": 0.25, "c0_loss_train_mse": 7.390736633805517e-11, "c1_loss_train_mse": 1.066285948425616e-11, "c2_loss_train_mse": 1.2775755453553472e-10, "c3_loss_train_mse": 2.932480647199753e-11, "c4_loss_train_mse": 1.5569909250778835e-10, "c5_loss_train_mse": 3.5087908273334634e-11, "_timestamp": 1739839728.3993433, "_runtime": 192.58301520347595, "_step": 8203, "_wandb": {"runtime": 192}}