{"loss_train_mse": 1.707797491690144e-05, "loss_train_reg": 0.007887122221291065, "loss_train": 0.00790419988334179, "lambda": 0.25, "c0_loss_train_mse": 5.689870249625528e-06, "c1_loss_train_mse": 2.332406074856408e-05, "c2_loss_train_mse": 4.005066330137197e-06, "c3_loss_train_mse": 3.725907299667597e-05, "c4_loss_train_mse": 6.46581474939012e-06, "c5_loss_train_mse": 3.703808397403918e-05, "_timestamp": 1739821711.7801936, "_runtime": 166.80535459518433, "_step": 8203, "_wandb": {"runtime": 167}}