{"loss_train_mse": 9.284759471483994e-06, "loss_train_reg": 0.00010471222049091011, "loss_train": 0.00011399698269087821, "lambda": 0.37441888451576233, "c0_loss_train_mse": 5.240618065727176e-06, "c1_loss_train_mse": 3.670016667456366e-05, "c2_loss_train_mse": 1.756176857270475e-07, "c3_loss_train_mse": 4.598004125000443e-06, "c4_loss_train_mse": 3.9738665691402275e-08, "c5_loss_train_mse": 2.7903265618078876e-06, "_timestamp": 1739822415.1108634, "_runtime": 168.37548351287842, "_step": 8203, "_wandb": {"runtime": 169}}