{"loss_train_mse": 2.5337438273709267e-05, "loss_train_reg": 0.004124999977648258, "loss_train": 0.004150337539613247, "lambda": 0.25, "c0_loss_train_mse": 2.167161255783867e-06, "c1_loss_train_mse": 2.8604923500097357e-05, "c2_loss_train_mse": 3.3421404310729486e-08, "c3_loss_train_mse": 0.00011060926044592634, "c4_loss_train_mse": 1.2350353244983125e-05, "c5_loss_train_mse": 2.9563600037363358e-05, "_timestamp": 1739821901.1321094, "_runtime": 170.68909430503845, "_step": 8203, "_wandb": {"runtime": 171}}