{"loss_train_mse": 1.7639747966313735e-05, "loss_train_reg": 1.8038907001027837e-05, "loss_train": 3.567865496734157e-05, "lambda": 0.25, "c0_loss_train_mse": 1.6819800293887965e-05, "c1_loss_train_mse": 2.2060983610572293e-05, "c2_loss_train_mse": 6.222084266482852e-06, "c3_loss_train_mse": 2.817067434079945e-05, "c4_loss_train_mse": 2.21274713112507e-05, "c5_loss_train_mse": 8.003083166840952e-06, "_timestamp": 1739827331.4295418, "_runtime": 175.34102082252502, "_step": 8203, "_wandb": {"runtime": 175}}