{"loss_train_mse": 3.247470885980874e-05, "loss_train_reg": 0.0001960936060640961, "loss_train": 0.00022856831492390484, "lambda": 0.25, "c0_loss_train_mse": 4.024363079224713e-06, "c1_loss_train_mse": 3.30906841554679e-05, "c2_loss_train_mse": 1.527599238215771e-07, "c3_loss_train_mse": 2.729724110395182e-05, "c4_loss_train_mse": 6.2981725932331756e-06, "c5_loss_train_mse": 0.0001463340304326266, "_timestamp": 1739826711.035264, "_runtime": 174.68522191047668, "_step": 8203, "_wandb": {"runtime": 175}}