{"loss_train_mse": 0.0001520728983450681, "loss_train_reg": 0.005750000011175871, "loss_train": 0.0059020728804171085, "lambda": 0.25, "c0_loss_train_mse": 4.33239665653673e-06, "c1_loss_train_mse": 0.00011684185301419348, "c2_loss_train_mse": 6.495584329968551e-06, "c3_loss_train_mse": 0.00025974310119636357, "c4_loss_train_mse": 0.0003959276364184916, "c5_loss_train_mse": 3.894309702445753e-05, "_timestamp": 1739821915.9886782, "_runtime": 167.7655792236328, "_step": 8203, "_wandb": {"runtime": 168}}