{"loss_train_mse": 0.07678410410881042, "loss_train_reg": 3.721552848815918, "loss_train": 3.798336982727051, "lambda": 0.003906239988282323, "c0_loss_train_mse": 0.08911536633968353, "c1_loss_train_mse": 0.06388559937477112, "c2_loss_train_mse": 0.08017684519290924, "c3_loss_train_mse": 0.07463283091783524, "c4_loss_train_mse": 0.07606018334627151, "_timestamp": 1739525375.3323677, "_runtime": 512.3587596416473, "_step": 10937, "_wandb": {"runtime": 511}}