{"loss_train_mse": 3.205652774340706e-06, "loss_train_reg": 1.8280437164008845e-09, "loss_train": 3.2074808586912695e-06, "lambda": 0.28403884172439575, "c0_loss_train_mse": 1.5432773636803176e-07, "c1_loss_train_mse": 5.735792910854798e-06, "c2_loss_train_mse": 1.471588916501787e-06, "c3_loss_train_mse": 1.4496100448013749e-05, "c4_loss_train_mse": 5.640567337650282e-07, "c5_loss_train_mse": 6.356693802445079e-07, "_timestamp": 1739829890.0747054, "_runtime": 163.65882325172424, "_step": 8203, "_wandb": {"runtime": 164}}