{"loss_train_mse": 1.1353627087373752e-05, "loss_train_reg": 1.1158419511048123e-05, "loss_train": 2.2512045688927174e-05, "lambda": 0.25, "c0_loss_train_mse": 1.3217649211583193e-05, "c1_loss_train_mse": 1.9001826103703934e-06, "c2_loss_train_mse": 2.3978796889423393e-05, "c3_loss_train_mse": 1.789672205632087e-05, "c4_loss_train_mse": 3.2854466098797275e-06, "c5_loss_train_mse": 1.8463071683072485e-05, "_timestamp": 1739839731.7803302, "_runtime": 176.8514461517334, "_step": 8203, "_wandb": {"runtime": 177}}