{"loss_train_mse": 0.3234241008758545, "loss_train_reg": 5.649096488952637, "loss_train": 5.97252082824707, "lambda": 0.003906239988282323, "c0_loss_train_mse": 0.23497143387794495, "c1_loss_train_mse": 0.22695164382457733, "c2_loss_train_mse": 0.2986266016960144, "c3_loss_train_mse": 0.33168676495552063, "c4_loss_train_mse": 0.5506658554077148, "_timestamp": 1739907954.9826124, "_runtime": 527.9030303955078, "_step": 10937, "_wandb": {"runtime": 527}}