{"loss_train_mse": 5.762681030319072e-05, "loss_train_reg": 0.004609374795109034, "loss_train": 0.004667001776397228, "lambda": 0.25, "c0_loss_train_mse": 1.6838956071296707e-05, "c1_loss_train_mse": 9.620276614441536e-06, "c2_loss_train_mse": 9.76161658172714e-08, "c3_loss_train_mse": 5.592348315985873e-06, "c4_loss_train_mse": 0.00014048231241758913, "c5_loss_train_mse": 0.00013672932982444763, "_timestamp": 1739827123.3943796, "_runtime": 166.2192416191101, "_step": 8203, "_wandb": {"runtime": 166}}