{"loss_train_mse": 0.2751568853855133, "loss_train_reg": 1.1064269542694092, "loss_train": 1.3815838098526, "lambda": 0.0015534142730757594, "c0_loss_train_mse": 0.41750964522361755, "c1_loss_train_mse": 0.32016894221305847, "c2_loss_train_mse": 0.053277913480997086, "c3_loss_train_mse": 0.0904276892542839, "c4_loss_train_mse": 0.5596296191215515, "_timestamp": 1739526577.2473903, "_runtime": 618.2107133865356, "_step": 10937, "_wandb": {"runtime": 617}}