{"loss_train_mse": 117.60494995117188, "loss_train_reg": 9.20655345916748, "loss_train": 126.8115005493164, "lambda": 0.003906239988282323, "c0_loss_train_mse": 108.78974914550781, "c1_loss_train_mse": 120.04891204833984, "c2_loss_train_mse": 119.73792266845703, "c3_loss_train_mse": 119.38928985595703, "c4_loss_train_mse": 120.11578369140625, "_timestamp": 1739564677.7758949, "_runtime": 502.4297409057617, "_step": 10937, "_wandb": {"runtime": 501}}