{"loss_train_mse": 35.07831573486328, "loss_train_reg": 26.23551368713379, "loss_train": 61.31382751464844, "lambda": 0.003906239988282323, "c0_loss_train_mse": 11.053373336791992, "c1_loss_train_mse": 20.174123764038086, "c2_loss_train_mse": 36.17876434326172, "c3_loss_train_mse": 50.225887298583984, "c4_loss_train_mse": 58.283355712890625, "_timestamp": 1739525926.4100196, "_runtime": 517.983199596405, "_step": 10937, "_wandb": {"runtime": 517}}