{"loss_train_mse": 2.698439402593067e-06, "loss_train_reg": 1.8421479890552012e-13, "loss_train": 2.6984396299667424e-06, "lambda": 0.2856983542442322, "c0_loss_train_mse": 1.919184740017954e-07, "c1_loss_train_mse": 7.210294825199526e-06, "c2_loss_train_mse": 6.649299848504597e-07, "c3_loss_train_mse": 8.353154953510966e-06, "c4_loss_train_mse": 2.5677718440419994e-07, "c5_loss_train_mse": 9.496747566117847e-07, "_timestamp": 1739829865.9667816, "_runtime": 177.9909746646881, "_step": 8203, "_wandb": {"runtime": 178}}