{"loss_train_mse": 0.005660248454660177, "loss_train_reg": 0.14458149671554565, "loss_train": 0.15024174749851227, "lambda": 0.25, "c0_loss_train_mse": 0.0029193649534136057, "c1_loss_train_mse": 0.007557254750281572, "c2_loss_train_mse": 0.0028099147602915764, "c3_loss_train_mse": 0.010214024223387241, "c4_loss_train_mse": 0.002907879650592804, "c5_loss_train_mse": 0.01016588881611824, "_timestamp": 1739826918.4187481, "_runtime": 159.65010714530945, "_step": 8203, "_wandb": {"runtime": 160}}