{"loss_train_mse": 7.193390047177672e-05, "loss_train_reg": 0.015599262900650501, "loss_train": 0.015671197324991226, "lambda": 0.25, "c0_loss_train_mse": 1.7307418602285907e-05, "c1_loss_train_mse": 0.0001046055622282438, "c2_loss_train_mse": 2.2378726498573087e-05, "c3_loss_train_mse": 0.0001332270330749452, "c4_loss_train_mse": 2.6210664145764895e-05, "c5_loss_train_mse": 0.00016959533968474716, "_timestamp": 1739826927.400365, "_runtime": 171.01333904266357, "_step": 8203, "_wandb": {"runtime": 171}}