{"loss_train_mse": 20.989238739013672, "loss_train_reg": 162.80758666992188, "loss_train": 183.7968292236328, "lambda": 0.03172439709305763, "c0_loss_train_mse": 11.827308654785156, "c1_loss_train_mse": 22.79458999633789, "c2_loss_train_mse": 2.606950044631958, "c3_loss_train_mse": 25.2481689453125, "c4_loss_train_mse": 45.24401092529297, "_timestamp": 1739526601.5038548, "_runtime": 622.6716856956482, "_step": 10937, "_wandb": {"runtime": 622}}