{"loss_train_mse": 0.0003202299994882196, "loss_train_reg": 0.0072187501937150955, "loss_train": 0.007538980338722467, "lambda": 0.25, "c0_loss_train_mse": 8.09471748652868e-05, "c1_loss_train_mse": 1.6293744920403697e-05, "c2_loss_train_mse": 3.794592703343369e-05, "c3_loss_train_mse": 6.206458783708513e-05, "c4_loss_train_mse": 0.0009288124856539071, "c5_loss_train_mse": 0.0005204809713177383, "_timestamp": 1739827129.7285745, "_runtime": 171.81826448440552, "_step": 8203, "_wandb": {"runtime": 172}}