{"loss_train_mse": 1.4947974705137312e-05, "loss_train_reg": 1.3678477444045711e-05, "loss_train": 2.8626451239688322e-05, "lambda": 0.25, "c0_loss_train_mse": 3.2256688427878544e-05, "c1_loss_train_mse": 3.0181876354617998e-05, "c2_loss_train_mse": 7.521658176301571e-07, "c3_loss_train_mse": 7.567248303530505e-06, "c4_loss_train_mse": 9.222164408129174e-06, "c5_loss_train_mse": 1.2677451195486356e-06, "_timestamp": 1739839721.5028393, "_runtime": 185.7145712375641, "_step": 8203, "_wandb": {"runtime": 186}}