{"loss_train_mse": 2.8319962439127266e-05, "loss_train_reg": 8.992187213152647e-05, "loss_train": 0.00011824183457065374, "lambda": 0.25, "c0_loss_train_mse": 2.829469849530142e-07, "c1_loss_train_mse": 6.0604528698604554e-05, "c2_loss_train_mse": 2.509317198473582e-07, "c3_loss_train_mse": 3.13736054522451e-05, "c4_loss_train_mse": 9.732389116834383e-06, "c5_loss_train_mse": 7.262743019964546e-05, "_timestamp": 1739826951.612894, "_runtime": 182.26343297958374, "_step": 8203, "_wandb": {"runtime": 182}}