{"loss_train_mse": 1.0021837624663021e-05, "loss_train_reg": 9.987490557250567e-06, "loss_train": 2.0009327272418886e-05, "lambda": 0.25, "c0_loss_train_mse": 1.7851278244052082e-05, "c1_loss_train_mse": 9.221041636919836e-07, "c2_loss_train_mse": 1.1179820830875542e-05, "c3_loss_train_mse": 9.203742592944764e-06, "c4_loss_train_mse": 3.0277728768624e-08, "c5_loss_train_mse": 2.9727492801612243e-05, "_timestamp": 1739817548.93661, "_runtime": 189.89431595802307, "_step": 8203, "_wandb": {"runtime": 190}}