{"loss_train_mse": 7.961481060192455e-06, "loss_train_reg": 1.0344678230467252e-05, "loss_train": 1.830616020015441e-05, "lambda": 0.25, "c0_loss_train_mse": 1.6699579646228813e-05, "c1_loss_train_mse": 2.764182227110723e-06, "c2_loss_train_mse": 1.7673810361884534e-05, "c3_loss_train_mse": 8.743967555346899e-06, "c4_loss_train_mse": 1.2138266356487293e-06, "c5_loss_train_mse": 5.7139568525599316e-06, "_timestamp": 1739822137.7391183, "_runtime": 168.04595136642456, "_step": 8203, "_wandb": {"runtime": 168}}