{"loss_train_mse": 1.5557350707240403e-05, "loss_train_reg": 4.616502735643735e-08, "loss_train": 1.5603514839312993e-05, "lambda": 0.25, "c0_loss_train_mse": 1.8513005670683924e-06, "c1_loss_train_mse": 2.1761250536656007e-05, "c2_loss_train_mse": 3.4230825463055226e-07, "c3_loss_train_mse": 8.056943443079945e-06, "c4_loss_train_mse": 1.0257980648020748e-05, "c5_loss_train_mse": 5.3228977776598185e-05, "_timestamp": 1739829674.1488159, "_runtime": 165.1491289138794, "_step": 8203, "_wandb": {"runtime": 165}}