{"loss_train_mse": 1.923510950518903e-08, "loss_train_reg": 7.202593405963853e-05, "loss_train": 7.204517169157043e-05, "lambda": 0.9679092764854431, "c0_loss_train_mse": 1.0338564671030781e-08, "c1_loss_train_mse": 5.146549497681008e-08, "c2_loss_train_mse": 6.701422083921216e-09, "c3_loss_train_mse": 3.1018444701658154e-08, "c4_loss_train_mse": 4.534086883722921e-09, "c5_loss_train_mse": 1.1424249990454882e-08, "_timestamp": 1739822431.102225, "_runtime": 164.7307481765747, "_step": 8203, "_wandb": {"runtime": 165}}