{"loss_train_mse": 21.802200317382812, "loss_train_reg": 16.890779495239258, "loss_train": 38.69297790527344, "lambda": 0.003906239988282323, "c0_loss_train_mse": 1.209905982017517, "c1_loss_train_mse": 5.918745517730713, "c2_loss_train_mse": 18.10577392578125, "c3_loss_train_mse": 36.188148498535156, "c4_loss_train_mse": 48.755950927734375, "_timestamp": 1739525934.7165496, "_runtime": 522.861757516861, "_step": 10937, "_wandb": {"runtime": 522}}