{"loss_train_mse": 12.246259689331055, "loss_train_reg": 51.0400390625, "loss_train": 63.28630065917969, "lambda": 0.003906239988282323, "c0_loss_train_mse": 1.145000696182251, "c1_loss_train_mse": 2.2742719650268555, "c2_loss_train_mse": 5.860716819763184, "c3_loss_train_mse": 13.826382637023926, "c4_loss_train_mse": 41.4676628112793, "_timestamp": 1739525384.4383073, "_runtime": 516.0543403625488, "_step": 10937, "_wandb": {"runtime": 515}}