{"loss_train_mse": 0.0024469373747706413, "loss_train_reg": 0.013257463462650776, "loss_train": 0.015704400837421417, "lambda": 9.198958396911621, "c0_loss_train_mse": 0.008357987739145756, "c1_loss_train_mse": 0.000510329264216125, "c2_loss_train_mse": 0.003546724794432521, "c3_loss_train_mse": 0.00024140672758221626, "c4_loss_train_mse": 0.0013203215785324574, "c5_loss_train_mse": 0.0005129611236043274, "_timestamp": 1739822574.5053668, "_runtime": 165.56538891792297, "_step": 8203, "_wandb": {"runtime": 166}}