{"loss_train_mse": 0.0036344544496387243, "loss_train_reg": 0.10546875, "loss_train": 0.10910320281982422, "lambda": 0.25, "c0_loss_train_mse": 2.0489937014644966e-05, "c1_loss_train_mse": 0.008594715036451817, "c2_loss_train_mse": 6.7658861553354654e-06, "c3_loss_train_mse": 0.008942223154008389, "c4_loss_train_mse": 0.0008034108905121684, "c5_loss_train_mse": 0.005104532465338707, "_timestamp": 1739822009.7597566, "_runtime": 170.4983024597168, "_step": 8203, "_wandb": {"runtime": 171}}