{"loss_train_mse": 5.637200501951156e-07, "loss_train_reg": 5.709220545213611e-07, "loss_train": 1.1346421615598956e-06, "lambda": 0.25, "c0_loss_train_mse": 1.0648656711964577e-07, "c1_loss_train_mse": 1.6392325505876215e-06, "c2_loss_train_mse": 2.4431554379589215e-07, "c3_loss_train_mse": 4.740722943097353e-07, "c4_loss_train_mse": 3.682476119593048e-07, "c5_loss_train_mse": 2.839610999672004e-07, "_timestamp": 1739827344.027203, "_runtime": 180.95474410057068, "_step": 8203, "_wandb": {"runtime": 181}}