{"loss_train_mse": 3.757382955882349e-06, "loss_train_reg": 8.838452458803658e-07, "loss_train": 4.641228315449553e-06, "lambda": 0.29078584909439087, "c0_loss_train_mse": 1.277984864600512e-07, "c1_loss_train_mse": 6.99558995620464e-06, "c2_loss_train_mse": 9.356403438687266e-07, "c3_loss_train_mse": 1.425797108822735e-05, "c4_loss_train_mse": 1.2087106426861283e-07, "c5_loss_train_mse": 4.2316050894442014e-06, "_timestamp": 1739827507.9566715, "_runtime": 174.70906448364258, "_step": 8203, "_wandb": {"runtime": 175}}