{"loss_train_mse": 4.136090137762949e-05, "loss_train_reg": 0.0014375000027939677, "loss_train": 0.001478860853239894, "lambda": 0.25, "c0_loss_train_mse": 8.555745807825588e-06, "c1_loss_train_mse": 0.00011412596359150484, "c2_loss_train_mse": 2.9149875899747713e-06, "c3_loss_train_mse": 2.6503854314796627e-05, "c4_loss_train_mse": 2.7640870030154474e-05, "c5_loss_train_mse": 4.921911022393033e-05, "_timestamp": 1739827116.5526178, "_runtime": 165.5426378250122, "_step": 8203, "_wandb": {"runtime": 166}}