{"loss_train_mse": 2.725415470195003e-05, "loss_train_reg": 1.8078124552900476e-09, "loss_train": 2.7255962777417153e-05, "lambda": 0.25, "c0_loss_train_mse": 2.1699389662899193e-07, "c1_loss_train_mse": 5.844781844643876e-05, "c2_loss_train_mse": 2.1695547047784203e-07, "c3_loss_train_mse": 3.136670056846924e-05, "c4_loss_train_mse": 1.059314854501281e-05, "c5_loss_train_mse": 6.684894469799474e-05, "_timestamp": 1739829706.1822295, "_runtime": 172.30686950683594, "_step": 8203, "_wandb": {"runtime": 172}}