{"loss_train_mse": 5.21695613861084, "loss_train_reg": 5.224174976348877, "loss_train": 10.441131591796875, "lambda": 0.003906239988282323, "c0_loss_train_mse": 0.8935001492500305, "c1_loss_train_mse": 0.9947540163993835, "c2_loss_train_mse": 1.8622221946716309, "c3_loss_train_mse": 5.864614009857178, "c4_loss_train_mse": 17.944194793701172, "_timestamp": 1739525945.8577118, "_runtime": 518.3558127880096, "_step": 10937, "_wandb": {"runtime": 517}}