{"loss_train_mse": 0.03307390958070755, "loss_train_reg": 0.22370246052742004, "loss_train": 0.256776362657547, "lambda": 0.003906239988282323, "c0_loss_train_mse": 0.021043894812464714, "c1_loss_train_mse": 0.0209950003772974, "c2_loss_train_mse": 0.03513003885746002, "c3_loss_train_mse": 0.034503474831581116, "c4_loss_train_mse": 0.056105468422174454, "_timestamp": 1739524838.794863, "_runtime": 508.71049308776855, "_step": 10937, "_wandb": {"runtime": 508}}