{"loss_train_mse": 4.981482561561279e-05, "loss_train_reg": 5.1165290642529726e-05, "loss_train": 0.00010098011989612132, "lambda": 0.25, "c0_loss_train_mse": 3.1346782634500414e-05, "c1_loss_train_mse": 5.683802010025829e-05, "c2_loss_train_mse": 2.581975786597468e-05, "c3_loss_train_mse": 0.00022002084006089717, "c4_loss_train_mse": 1.1580313184822444e-05, "c5_loss_train_mse": 1.7579071936779656e-05, "_timestamp": 1739839726.5932117, "_runtime": 190.8067865371704, "_step": 8203, "_wandb": {"runtime": 191}}