{"loss_train_mse": 6.783129720133729e-06, "loss_train_reg": 0.00026167946634814143, "loss_train": 0.000268462608801201, "lambda": 1.4627188444137573, "c0_loss_train_mse": 8.132774809155308e-08, "c1_loss_train_mse": 9.279320693167392e-06, "c2_loss_train_mse": 1.4426306904624653e-07, "c3_loss_train_mse": 9.805563422560226e-06, "c4_loss_train_mse": 3.150056954837055e-06, "c5_loss_train_mse": 2.1711817680625245e-05, "_timestamp": 1739827560.0144856, "_runtime": 169.9607355594635, "_step": 8203, "_wandb": {"runtime": 170}}