{"loss_train_mse": 1.3379147052764893, "loss_train_reg": 1.3382855653762817, "loss_train": 2.6762003898620605, "lambda": 0.003906239988282323, "c0_loss_train_mse": 0.48878419399261475, "c1_loss_train_mse": 0.623826265335083, "c2_loss_train_mse": 0.6565773487091064, "c3_loss_train_mse": 1.090795636177063, "c4_loss_train_mse": 4.2195024490356445, "_timestamp": 1739525956.3577554, "_runtime": 517.0187163352966, "_step": 10937, "_wandb": {"runtime": 516}}