{"loss_train_mse": 0.00010890861449297518, "loss_train_reg": 0.001265640719793737, "loss_train": 0.0013745493488386273, "lambda": 5.362137794494629, "c0_loss_train_mse": 0.00028249426395632327, "c1_loss_train_mse": 5.694974970538169e-05, "c2_loss_train_mse": 0.00014258548617362976, "c3_loss_train_mse": 2.9997352612554096e-05, "c4_loss_train_mse": 7.225095760077238e-05, "c5_loss_train_mse": 6.0594706155825406e-05, "_timestamp": 1739827699.79667, "_runtime": 169.57622289657593, "_step": 8203, "_wandb": {"runtime": 170}}