{"loss_train_mse": 0.00013568993017543107, "loss_train_reg": 0.0067382813431322575, "loss_train": 0.006873971316963434, "lambda": 0.25, "c0_loss_train_mse": 6.99334850651212e-05, "c1_loss_train_mse": 1.0339858818042558e-05, "c2_loss_train_mse": 2.38716296507846e-07, "c3_loss_train_mse": 0.00011255396384513006, "c4_loss_train_mse": 0.0002155763650080189, "c5_loss_train_mse": 0.00041742195026017725, "_timestamp": 1739850574.4891136, "_runtime": 175.58205556869507, "_step": 8203, "_wandb": {"runtime": 176}}