{"loss_train_mse": 1.759155035018921, "loss_train_reg": 9.08447265625, "loss_train": 10.8436279296875, "lambda": 0.003906239988282323, "c0_loss_train_mse": 0.657825231552124, "c1_loss_train_mse": 0.7781347632408142, "c2_loss_train_mse": 1.0260056257247925, "c3_loss_train_mse": 1.970026969909668, "c4_loss_train_mse": 4.694512367248535, "_timestamp": 1739525380.5252252, "_runtime": 512.7074701786041, "_step": 10937, "_wandb": {"runtime": 512}}