{"loss_train_mse": 5.481877815327607e-05, "loss_train_reg": 0.0009722455870360136, "loss_train": 0.001027064397931099, "lambda": 0.25, "c0_loss_train_mse": 0.0001406092633260414, "c1_loss_train_mse": 4.082731538801454e-05, "c2_loss_train_mse": 8.372506272280589e-06, "c3_loss_train_mse": 3.178136466885917e-05, "c4_loss_train_mse": 6.627837137784809e-05, "c5_loss_train_mse": 1.5438572518178262e-05, "_timestamp": 1739826724.7646878, "_runtime": 173.49200677871704, "_step": 8203, "_wandb": {"runtime": 173}}