{"loss_train_mse": 2.6465534119779477e-06, "loss_train_reg": 6.479633157141507e-05, "loss_train": 6.744288839399815e-05, "lambda": 0.7065653800964355, "c0_loss_train_mse": 1.7006946961828362e-07, "c1_loss_train_mse": 5.804385637020459e-06, "c2_loss_train_mse": 5.1643652909660887e-08, "c3_loss_train_mse": 1.830087796861335e-07, "c4_loss_train_mse": 1.095228796543779e-08, "c5_loss_train_mse": 1.0015721272793598e-05, "_timestamp": 1739827532.318997, "_runtime": 175.0468728542328, "_step": 8203, "_wandb": {"runtime": 175}}