{"loss_train_mse": 0.0003654196625575423, "loss_train_reg": 0.013749999925494194, "loss_train": 0.014115419238805771, "lambda": 0.25, "c0_loss_train_mse": 0.00013547037087846547, "c1_loss_train_mse": 0.0005528969340957701, "c2_loss_train_mse": 1.2440285956927255e-07, "c3_loss_train_mse": 0.000753238913603127, "c4_loss_train_mse": 0.0004919265047647059, "c5_loss_train_mse": 0.00022848167282063514, "_timestamp": 1739849855.2201848, "_runtime": 188.89980268478394, "_step": 8203, "_wandb": {"runtime": 189}}