{"loss_train_mse": 0.23148033022880554, "loss_train_reg": 0.1461123526096344, "loss_train": 0.37759268283843994, "lambda": 0.0005413194303400815, "c0_loss_train_mse": 0.29960328340530396, "c1_loss_train_mse": 0.1863173097372055, "c2_loss_train_mse": 0.046906113624572754, "c3_loss_train_mse": 0.08832143247127533, "c4_loss_train_mse": 0.604580819606781, "_timestamp": 1739526580.7852979, "_runtime": 625.8280189037323, "_step": 10937, "_wandb": {"runtime": 625}}